filename,signal,signal_labels,bbox,width,height
20250905_151143.jpg,0,,,800,600
20250905_151146.jpg,2,,,800,600
20250905_151148.jpg,0,,,800,600
20250905_151204.jpg,0,,,800,600
20250905_151205.jpg,0,,,800,600
20250905_151207.jpg,0,,,800,600
20250905_151231.jpg,2,,,800,600
20250905_151233.jpg,2,,,800,600
20250905_151349.jpg,2,,,800,600
20250905_151350.jpg,2,,,800,600
20250905_151352.jpg,2,,,800,600
20250905_151425.jpg,2,,,800,600
20250905_151427.jpg,0,,,800,600
20250905_151429.jpg,0,,,800,600
20250905_151431.jpg,0,,,800,600
20250905_151442.jpg,2,,,800,600
20250905_151444.jpg,1,,,800,600
20250905_151446.jpg,2,,,800,600
20250905_151536.jpg,1,,,800,600
20250905_151538.jpg,2,,,800,600
20250905_151540.jpg,0,,,800,600
20250905_151552.jpg,2,,,800,600
20250905_151554.jpg,2,,,800,600
20250905_151558.jpg,0,,,800,600
20250905_151625.jpg,0,,,800,600
20250905_151627.jpg,0,,,800,600
20250905_151629.jpg,0,,,800,600
20250905_151630.jpg,0,,,800,600
20250905_151632.jpg,2,,,800,600
20250905_151634.jpg,0,,,800,600
20250905_151712.jpg,0,,,800,600
20250905_151723.jpg,2,,,800,600
20250905_151725.jpg,1,,,800,600
20250905_151726.jpg,1,,,800,600
20250905_151728.jpg,2,,,800,600
20250905_151746.jpg,1,,,800,600
20250905_151748.jpg,0,,,800,600
20250905_151750.jpg,0,,,800,600
20250905_151751.jpg,0,,,800,600
20250905_151753.jpg,2,,,800,600
20250905_151754.jpg,0,,,800,600
20250905_151756.jpg,0,,,800,600
20250905_151758.jpg,0,,,800,600
20250905_151804.jpg,0,,,800,600
20250905_151806.jpg,2,,,800,600
20250905_151826.jpg,0,,,800,600
20250905_151828.jpg,1,,,800,600
20250905_151829.jpg,1,,,800,600
20250905_151831.jpg,2,,,800,600
20250905_151911.jpg,1,,,800,600
20250905_151914.jpg,0,,,800,600
20250905_151915.jpg,2,,,800,600
20250905_151917.jpg,2,,,800,600
20250905_151919.jpg,0,,,800,600
20250905_151946.jpg,0,,,800,600
20250905_151947.jpg,1,,,800,600
20250905_151948.jpg,1,,,800,600
20250905_151949.jpg,1,,,800,600
20250905_151951.jpg,1,,,800,600
20250905_152029.jpg,2,,,800,600
20250905_152031.jpg,2,,,800,600
20250905_152032.jpg,0,,,800,600
20250905_152034.jpg,2,,,800,600
20250905_152036.jpg,2,,,800,600
20250905_152039.jpg,0,,,800,600
20250905_152058.jpg,0,,,800,600
20250905_152100.jpg,0,,,800,600
20250905_152101.jpg,2,,,800,600
20250905_152103.jpg,0,,,800,600
20250905_152105.jpg,2,,,800,600
20250905_152108.jpg,0,,,800,600
20250905_152112.jpg,0,,,800,600
20250905_152113.jpg,2,,,800,600
20250905_152115.jpg,1,,,800,600
20250905_152116.jpg,1,,,800,600
20250905_152136.jpg,2,,,800,600
20250905_152138.jpg,1,,,800,600
20250905_152139.jpg,2,,,800,600
20250905_152142.jpg,1,,,800,600
20250905_152145.jpg,2,,,800,600
20250905_152146.jpg,0,,,800,600
20250905_152148.jpg,0,,,800,600
20250905_152150.jpg,0,,,800,600
20250905_152249.jpg,2,,,800,600
20250905_152250.jpg,2,,,800,600
20250905_152252.jpg,2,,,800,600
20250905_152253.jpg,1,,,800,600
20250905_152255.jpg,1,,,800,600
20250905_152256.jpg,1,,,800,600
20250905_152312.jpg,1,,,800,600
20250905_152313.jpg,0,,,800,600
20250905_152315.jpg,2,,,800,600
20250905_152316.jpg,2,,,800,600
20250905_152318.jpg,0,,,800,600
20250905_152327.jpg,0,,,800,600
20250905_152329.jpg,1,,,800,600
20250905_152330.jpg,1,,,800,600
20250905_152457.jpg,1,,,800,600
20250905_152459.jpg,2,,,800,600
20250905_152500.jpg,2,,,800,600
20250905_152501.jpg,2,,,800,600
20250905_152503.jpg,2,,,800,600
20250905_152504.jpg,2,,,800,600
20250905_152506.jpg,2,,,800,600
20250905_152557.jpg,2,,,800,600
20250905_152559.jpg,2,,,800,600
20250905_152601.jpg,1,,,800,600
20250905_152603.jpg,2,,,800,600
20250905_152604.jpg,1,,,800,600
20250905_152606.jpg,2,,,800,600
20250905_152607.jpg,2,,,800,600
20250905_152608.jpg,0,,,800,600
20250905_152610.jpg,0,,,800,600
20250905_152624.jpg,2,,,800,600
20250905_152626.jpg,2,,,800,600
20250905_152628.jpg,2,,,800,600
20250905_152630.jpg,1,,,800,600
20250905_152632.jpg,2,,,800,600
20250905_152634.jpg,1,,,800,600
20250905_152701.jpg,1,,,800,600
20250905_152703.jpg,0,,,800,600
20250905_152705.jpg,0,,,800,600
20250905_152735.jpg,2,,,800,600
20250905_152737.jpg,2,,,800,600
20250905_152739.jpg,1,,,800,600
20250905_152740.jpg,1,,,800,600
20250905_152742.jpg,1,,,800,600
20250905_152825.jpg,1,,,800,600
20250905_152827.jpg,0,,,800,600
20250905_152828.jpg,0,,,800,600
20250905_152830.jpg,0,,,800,600
20250905_152832.jpg,0,,,800,600
20250905_152834.jpg,2,,,800,600
20250905_152836.jpg,0,,,800,600
20250905_152837.jpg,2,,,800,600
20250905_152838.jpg,2,,,800,600
20250905_152841.jpg,0,,,800,600
20250905_152854.jpg,0,,,800,600
20250905_152855.jpg,0,,,800,600
20250905_152919.jpg,0,,,800,600
20250905_152921.jpg,0,,,800,600
20250905_152923.jpg,0,,,800,600
20250905_152924.jpg,2,,,800,600
20250905_152926.jpg,2,,,800,600
20250905_152930.jpg,0,,,800,600
20250905_152931.jpg,1,,,800,600
20250905_153025.jpg,2,,,800,600
20250905_153027.jpg,0,,,800,600
20250905_153029.jpg,0,,,800,600
20250905_153030.jpg,0,,,800,600
20250905_153032.jpg,2,,,800,600
20250905_153034.jpg,0,,,800,600
20250905_153036.jpg,2,,,800,600
20250905_153037.jpg,2,,,800,600
20250905_153039.jpg,0,,,800,600
20250905_153042.jpg,2,,,800,600
20250905_153043.jpg,0,,,800,600
20250905_153056.jpg,0,,,800,600
20250905_153058.jpg,1,,,800,600
20250905_153100.jpg,1,,,800,600
20250905_153102.jpg,2,,,800,600
20250905_153104.jpg,2,,,800,600
20250905_153110.jpg,2,,,800,600
20250905_153112.jpg,0,,,800,600
20250905_153114.jpg,2,,,800,600
20250905_153116.jpg,2,,,800,600
20250905_153117.jpg,2,,,800,600
20250905_153119.jpg,2,,,800,600
20250905_153143.jpg,2,,,800,600
20250905_153144.jpg,1,,,800,600
20250905_153225.jpg,1,,,800,600
20250905_153227.jpg,2,,,800,600
20250905_153229.jpg,0,,,800,600
20250905_153230.jpg,2,,,800,600
20250905_153232.jpg,2,,,800,600
20250905_153233.jpg,2,,,800,600
20250905_153247.jpg,2,,,800,600
20250905_153249.jpg,2,,,800,600
20250905_153251.jpg,1,,,800,600
20250905_153253.jpg,2,,,800,600
20250905_153255.jpg,2,,,800,600
20250905_153316.jpg,2,,,800,600
20250905_153318.jpg,2,,,800,600
20250905_153320.jpg,2,,,800,600
20250905_153322.jpg,2,,,800,600
20250905_153324.jpg,1,,,800,600
20250905_153341.jpg,2,,,800,600
20250905_153343.jpg,0,,,800,600
20250905_153346.jpg,0,,,800,600
20250905_153348.jpg,0,,,800,600
20250905_153351.jpg,2,,,800,600
20250905_153353.jpg,1,,,800,600
20250905_153354.jpg,1,,,800,600
20250905_153356.jpg,2,,,800,600
20250905_153444.jpg,1,,,800,600
20250905_153446.jpg,2,,,800,600
20250905_153448.jpg,2,,,800,600
20250905_153449.jpg,2,,,800,600
20250905_153452.jpg,0,,,800,600
20250905_153454.jpg,2,,,800,600
20250905_153456.jpg,2,,,800,600
20250905_153510.jpg,2,,,800,600
20250905_153512.jpg,1,,,800,600
20250905_153513.jpg,1,,,800,600
20250905_153515.jpg,1,,,800,600
20250905_153528.jpg,2,,,800,600
20250905_153530.jpg,2,,,800,600
20250905_153532.jpg,2,,,800,600
20250905_153533.jpg,2,,,800,600
20250905_153535.jpg,2,,,800,600
20250905_153537.jpg,2,,,800,600
20250905_153626.jpg,2,,,800,600
20250905_153628.jpg,1,,,800,600
20250905_153629.jpg,1,,,800,600
20250905_153631.jpg,1,,,800,600
20250905_153633.jpg,2,,,800,600
20250905_153708.jpg,1,,,800,600
20250905_153709.jpg,2,,,800,600
20250905_153711.jpg,1,,,800,600
20250905_153712.jpg,1,,,800,600
20250905_153721.jpg,2,,,800,600
20250905_153722.jpg,2,,,800,600
20250905_153724.jpg,2,,,800,600
20250905_153727.jpg,2,,,800,600
20250905_153729.jpg,2,,,800,600
20250905_153730.jpg,2,,,800,600
20250905_153732.jpg,2,,,800,600
20250905_153745.jpg,2,,,800,600
20250905_153747.jpg,2,,,800,600
20250905_153749.jpg,1,,,800,600
20250905_153751.jpg,2,,,800,600
20250905_153753.jpg,2,,,800,600
20250905_153812.jpg,2,,,800,600
20250905_153814.jpg,0,,,800,600
20250905_153815.jpg,2,,,800,600
20250905_153817.jpg,0,,,800,600
20250905_153819.jpg,2,,,800,600
20250905_153821.jpg,2,,,800,600
20250905_153823.jpg,0,,,800,600
20250905_153825.jpg,0,,,800,600
20250905_153828.jpg,2,,,800,600
20250905_153831.jpg,2,,,800,600
20250905_153833.jpg,1,,,800,600
20250905_153835.jpg,2,,,800,600
20250905_153836.jpg,1,,,800,600
20250905_153933.jpg,2,,,800,600
20250905_153935.jpg,1,,,800,600
20250905_153937.jpg,2,,,800,600
20250905_154007.jpg,2,,,800,600
20250905_154009.jpg,0,,,800,600
20250905_154011.jpg,2,,,800,600
20250905_154012.jpg,2,,,800,600
20250905_154014.jpg,2,,,800,600
20250905_154019.jpg,2,,,800,600
20250905_154021.jpg,2,,,800,600
20250905_154037.jpg,2,,,800,600
20250905_154038.jpg,1,,,800,600
20250905_154040.jpg,1,,,800,600
20250905_154042.jpg,2,,,800,600
20250905_154043.jpg,2,,,800,600
20250905_154104.jpg,1,,,800,600
20250905_154106.jpg,0,,,800,600
20250905_154108.jpg,2,,,800,600
20250905_154109.jpg,2,,,800,600
20250905_154111.jpg,0,,,800,600
20250905_154114.jpg,2,,,800,600
20250905_154115.jpg,2,,,800,600
20250905_154119.jpg,2,,,800,600
20250905_154121.jpg,2,,,800,600
20250905_154124.jpg,2,,,800,600
20250905_154125.jpg,2,,,800,600
20250905_154141.jpg,2,,,800,600
20250905_154144.jpg,2,,,800,600
20250905_154146.jpg,2,,,800,600
20250905_154148.jpg,1,,,800,600
20250905_154205.jpg,1,,,800,600
20250905_154207.jpg,0,,,800,600
20250905_154209.jpg,2,,,800,600
20250905_154212.jpg,2,,,800,600
20250905_154214.jpg,0,,,800,600
20250905_154216.jpg,2,,,800,600
20250905_154247.jpg,2,,,800,600
20250905_154249.jpg,2,,,800,600
20250905_154251.jpg,2,,,800,600
20250905_154252.jpg,2,,,800,600
20250905_154254.jpg,2,,,800,600
20250905_154402.jpg,2,,,800,600
20250905_154404.jpg,0,,,800,600
20250905_154405.jpg,2,,,800,600
20250905_154408.jpg,2,,,800,600
20250905_154417.jpg,2,,,800,600
20250905_154422.jpg,0,,,800,600
20250905_154424.jpg,1,,,800,600
20250905_154441.jpg,2,,,800,600
20250905_154442.jpg,2,,,800,600
20250905_154444.jpg,0,,,800,600
20250905_154446.jpg,0,,,800,600
20250905_154448.jpg,0,,,800,600
20250905_154451.jpg,2,,,800,600
20250905_154453.jpg,0,,,800,600
20250905_154500.jpg,0,,,800,600
20250905_154502.jpg,1,,,800,600
20250905_154504.jpg,1,,,800,600
20250905_154506.jpg,1,,,800,600
20250905_154509.jpg,1,,,800,600
20250905_154510.jpg,1,,,800,600
20250905_154609.jpg,2,,,800,600
20250905_154611.jpg,0,,,800,600
20250905_154613.jpg,2,,,800,600
20250905_154615.jpg,2,,,800,600
20250905_154617.jpg,2,,,800,600
20250905_154620.jpg,2,,,800,600
20250905_154621.jpg,2,,,800,600
20250905_154624.jpg,2,,,800,600
20250905_154638.jpg,2,,,800,600
20250905_154639.jpg,1,,,800,600
20250905_154641.jpg,2,,,800,600
20250905_154643.jpg,2,,,800,600
20250905_154646.jpg,2,,,800,600
20250905_154707.jpg,2,,,800,600
20250905_154710.jpg,1,,,800,600
20250905_154712.jpg,2,,,800,600
20250905_154714.jpg,2,,,800,600
20250905_154829.jpg,2,,,800,600
20250905_154830.jpg,2,,,800,600
20250905_154832.jpg,2,,,800,600
20250905_154839.jpg,2,,,800,600
20250905_154841.jpg,2,,,800,600
20250905_154843.jpg,2,,,800,600
20250905_154845.jpg,0,,,800,600
20250905_154851.jpg,0,,,800,600
20250905_154852.jpg,2,,,800,600
20250905_154854.jpg,2,,,800,600
20250905_154856.jpg,1,,,800,600
20250905_154858.jpg,2,,,800,600
20250905_154916.jpg,1,,,800,600
20250905_154918.jpg,1,,,800,600
20250905_154920.jpg,2,,,800,600
20250905_154922.jpg,1,,,800,600
20250905_154924.jpg,1,,,800,600
20250905_154958.jpg,1,,,800,600
20250905_155000.jpg,2,,,800,600
20250905_155002.jpg,2,,,800,600
20250905_155004.jpg,2,,,800,600
20250905_155006.jpg,2,,,800,600
20250905_155007.jpg,2,,,800,600
20250905_155009.jpg,2,,,800,600
20250905_155031.jpg,2,,,800,600
20250905_155033.jpg,0,,,800,600
20250905_155034.jpg,2,,,800,600
20250905_155036.jpg,2,,,800,600
20250905_155038.jpg,2,,,800,600
20250905_155040.jpg,2,,,800,600
20250905_155042.jpg,2,,,800,600
20250905_155044.jpg,1,,,800,600
20250905_155058.jpg,1,,,800,600
20250905_155100.jpg,2,,,800,600
20250905_155102.jpg,0,,,800,600
20250905_155104.jpg,2,,,800,600
20250905_155107.jpg,0,,,800,600
20250905_155109.jpg,0,,,800,600
20250905_155112.jpg,0,,,800,600
20250905_155120.jpg,2,,,800,600
20250905_155122.jpg,2,,,800,600
20250905_155124.jpg,2,,,800,600
20250905_155126.jpg,2,,,800,600
20250905_155157.jpg,2,,,800,600
20250905_155200.jpg,2,,,800,600
20250905_155202.jpg,0,,,800,600
20250905_155204.jpg,0,,,800,600
20250905_155206.jpg,2,,,800,600
20250905_155209.jpg,0,,,800,600
20250905_155211.jpg,2,,,800,600
20250905_155214.jpg,2,,,800,600
20250905_155242.jpg,2,,,800,600
20250905_155252.jpg,2,,,800,600
20250905_155254.jpg,1,,,800,600
20250905_155256.jpg,1,,,800,600
20250905_155329.jpg,2,,,800,600
20250905_155331.jpg,2,,,800,600
20250905_155333.jpg,2,,,800,600
20250905_155335.jpg,2,,,800,600
20250905_155338.jpg,2,,,800,600
20250905_155339.jpg,0,,,800,600
20250905_155342.jpg,2,,,800,600
20250905_155345.jpg,2,,,800,600
20250905_155347.jpg,2,,,800,600
20250905_155349.jpg,2,,,800,600
20250905_155351.jpg,2,,,800,600
20250905_155505.jpg,2,,,800,600
20250905_155507.jpg,2,,,800,600
20250905_155509.jpg,2,,,800,600
20250905_155511.jpg,2,,,800,600
20250905_155514.jpg,2,,,800,600
20250905_155539.jpg,0,,,800,600
20250905_155541.jpg,2,,,800,600
20250905_155543.jpg,2,,,800,600
20250905_155545.jpg,2,,,800,600
20250905_155548.jpg,2,,,800,600
20250905_155550.jpg,2,,,800,600
20250905_155552.jpg,2,,,800,600
20250905_155555.jpg,0,,,800,600
20250905_155557.jpg,0,,,800,600
20250905_155629.jpg,2,,,800,600
20250905_155632.jpg,2,,,800,600
20250905_155634.jpg,1,,,800,600
20250905_155700.jpg,1,,,800,600
20250905_155703.jpg,2,,,800,600
20250905_155705.jpg,2,,,800,600
20250905_155707.jpg,2,,,800,600
20250905_155709.jpg,2,,,800,600
20250905_155711.jpg,2,,,800,600
20250905_155713.jpg,2,,,800,600
20250905_155715.jpg,2,,,800,600
20250905_155718.jpg,2,,,800,600
20250905_155728.jpg,2,,,800,600
20250905_155730.jpg,2,,,800,600
20250905_155749.jpg,2,,,800,600
20250905_155751.jpg,2,,,800,600
20250905_155753.jpg,2,,,800,600
20250905_155755.jpg,2,,,800,600
20250905_155758.jpg,2,,,800,600
20250905_155801.jpg,2,,,800,600
20250905_160002.jpg,2,,,800,600
20250905_160004.jpg,0,,,800,600
20250905_160007.jpg,2,,,800,600
20250905_160010.jpg,2,,,800,600
20250905_160013.jpg,2,,,800,600
20250905_160015.jpg,2,,,800,600
20250905_160044.jpg,2,,,800,600
20250905_160046.jpg,2,,,800,600
20250905_160048.jpg,2,,,800,600
20250905_160051.jpg,2,,,800,600
20250905_160053.jpg,2,,,800,600
20250905_160056.jpg,2,,,800,600
20250905_160058.jpg,2,,,800,600
20250905_160100.jpg,2,,,800,600
20250905_160103.jpg,2,,,800,600
20250905_160111.jpg,2,,,800,600
20250905_160131.jpg,1,,,800,600
20250905_160134.jpg,0,,,800,600
20250905_160136.jpg,2,,,800,600
20250905_160138.jpg,0,,,800,600
20250905_160141.jpg,0,,,800,600
20250905_160148.jpg,0,,,800,600
20250905_160150.jpg,2,,,800,600
20250905_160153.jpg,2,,,800,600
20250905_160155.jpg,2,,,800,600
20250905_160157.jpg,2,,,800,600
20250905_160200.jpg,2,,,800,600
20250905_160330.jpg,2,,,800,600
20250905_160333.jpg,0,,,800,600
20250905_160335.jpg,2,,,800,600
20250905_160337.jpg,2,,,800,600
20250905_160339.jpg,2,,,800,600
20250905_160342.jpg,2,,,800,600
20250905_160344.jpg,2,,,800,600
20250905_160347.jpg,2,,,800,600
20250905_160350.jpg,1,,,800,600
20250905_160352.jpg,2,,,800,600
20250905_160530.jpg,2,,,800,600
20250905_160532.jpg,2,,,800,600
20250905_160534.jpg,2,,,800,600
20250905_160537.jpg,2,,,800,600
20250905_160539.jpg,1,,,800,600
20250905_160554.jpg,2,,,800,600
20250905_160557.jpg,0,,,800,600
20250905_160600.jpg,2,,,800,600
20250905_160602.jpg,2,,,800,600
20250905_160634.jpg,2,,,800,600
20250905_160636.jpg,0,,,800,600
20250905_160639.jpg,2,,,800,600
20250905_160642.jpg,2,,,800,600
20250905_160644.jpg,2,,,800,600
20250905_160657.jpg,2,,,800,600
20250905_160700.jpg,2,,,800,600
20250905_160702.jpg,1,,,800,600
20250905_160704.jpg,1,,,800,600
20250905_160900.jpg,1,,,800,600
20250905_160903.jpg,2,,,800,600
20250905_160905.jpg,2,,,800,600
20250905_160908.jpg,2,,,800,600
20250905_160911.jpg,2,,,800,600
20250905_160913.jpg,0,,,800,600
20250905_160916.jpg,2,,,800,600
20250905_160918.jpg,2,,,800,600
20250905_160921.jpg,2,,,800,600
20250905_160941.jpg,2,,,800,600
20250905_160943.jpg,2,,,800,600
20250905_160946.jpg,0,,,800,600
20250905_160948.jpg,2,,,800,600
20250905_160950.jpg,2,,,800,600
20250905_160952.jpg,1,,,800,600
20250905_160955.jpg,2,,,800,600
20250905_161016.jpg,1,,,800,600
20250905_161018.jpg,2,,,800,600
20250905_161020.jpg,2,,,800,600
20250905_161022.jpg,2,,,800,600
20250905_161025.jpg,2,,,800,600
20250905_161028.jpg,2,,,800,600
20250905_161031.jpg,2,,,800,600
20250905_161042.jpg,2,,,800,600
20250905_161045.jpg,2,,,800,600
20250905_161048.jpg,1,,,800,600
20250905_161051.jpg,2,,,800,600
20250905_161053.jpg,2,,,800,600
20250905_161111.jpg,2,,,800,600
20250905_161113.jpg,2,,,800,600
20250905_161115.jpg,2,,,800,600
20250905_161131.jpg,1,,,800,600
20250905_161134.jpg,2,,,800,600
20250905_161136.jpg,2,,,800,600
20250905_161139.jpg,0,,,800,600
20250905_161141.jpg,2,,,800,600
20250905_161144.jpg,2,,,800,600
20250905_161153.jpg,2,,,800,600
20250905_161155.jpg,2,,,800,600
20250905_161158.jpg,1,,,800,600
20250905_161200.jpg,1,,,800,600
20250905_161203.jpg,1,,,800,600
20250905_161205.jpg,1,,,800,600
20250905_161224.jpg,2,,,800,600
20250905_161226.jpg,0,,,800,600
20250905_161229.jpg,2,,,800,600
20250905_161231.jpg,0,,,800,600
20250905_161234.jpg,0,,,800,600
20250905_161237.jpg,0,,,800,600
20250905_161239.jpg,2,,,800,600
20250905_161242.jpg,2,,,800,600
20250905_161450.jpg,2,,,800,600
20250905_161453.jpg,0,,,800,600
20250905_161456.jpg,0,,,800,600
20250905_161458.jpg,0,,,800,600
20250905_161501.jpg,2,,,800,600
20250905_161503.jpg,2,,,800,600
20250905_161508.jpg,0,,,800,600
20250905_161510.jpg,0,,,800,600
20250905_161513.jpg,2,,,800,600
20250905_161531.jpg,2,,,800,600
20250905_161533.jpg,2,,,800,600
20250905_161536.jpg,2,,,800,600
20250905_161538.jpg,2,,,800,600
20250905_161541.jpg,2,,,800,600
20250905_161543.jpg,2,,,800,600
20250905_161545.jpg,2,,,800,600
20250905_161548.jpg,2,,,800,600
20250905_161550.jpg,2,,,800,600
20250905_161600.jpg,2,,,800,600
20250905_161602.jpg,2,,,800,600
20250905_161604.jpg,2,,,800,600
20250905_161748.jpg,1,,,800,600
20250905_161750.jpg,2,,,800,600
20250905_161753.jpg,1,,,800,600
20250905_161755.jpg,2,,,800,600
20250905_161758.jpg,2,,,800,600
20250905_161803.jpg,2,,,800,600
20250905_161805.jpg,0,,,800,600
20250905_161807.jpg,2,,,800,600
20250905_161810.jpg,2,,,800,600
20250905_161812.jpg,2,,,800,600
20250905_161814.jpg,2,,,800,600
20250905_161817.jpg,2,,,800,600
20250905_161819.jpg,2,,,800,600
20250905_161821.jpg,2,,,800,600
20250905_161824.jpg,2,,,800,600
20250905_161846.jpg,0,,,800,600
20250905_161849.jpg,0,,,800,600
20250905_161852.jpg,2,,,800,600
20250905_161854.jpg,0,,,800,600
20250905_161857.jpg,0,,,800,600
20250905_161900.jpg,2,,,800,600
20250905_161905.jpg,2,,,800,600
20250905_161907.jpg,0,,,800,600
20250905_161910.jpg,2,,,800,600
20250905_161913.jpg,2,,,800,600
20250905_161916.jpg,0,,,800,600
20250905_161919.jpg,2,,,800,600
20250905_162440.jpg,2,,,800,600
20250905_162442.jpg,2,,,800,600
20250905_162445.jpg,0,,,800,600
20250905_162447.jpg,2,,,800,600
20250905_162450.jpg,2,,,800,600
20250905_162452.jpg,2,,,800,600
20250905_162501.jpg,2,,,800,600
20250905_162515.jpg,2,,,800,600
20250905_162518.jpg,2,,,800,600
20250905_162544.jpg,0,,,800,600
20250905_162546.jpg,0,,,800,600
20250905_162549.jpg,0,,,800,600
20250905_162552.jpg,0,,,800,600
20250905_162554.jpg,2,,,800,600
20250905_162600.jpg,2,,,800,600
20250905_162603.jpg,2,,,800,600
20250905_162606.jpg,1,,,800,600
20250905_162608.jpg,1,,,800,600
20250905_162622.jpg,2,,,800,600
20250905_162624.jpg,0,,,800,600
20250905_162627.jpg,2,,,800,600
20250905_162629.jpg,0,,,800,600
20250905_162632.jpg,0,,,800,600
20250905_162657.jpg,0,,,800,600
20250905_162700.jpg,1,,,800,600
20250905_162702.jpg,1,,,800,600
20250905_162709.jpg,2,,,800,600
20250905_162711.jpg,0,,,800,600
20250905_162714.jpg,0,,,800,600
20250905_162716.jpg,1,,,800,600
20250905_162823.jpg,1,,,800,600
20250905_162826.jpg,0,,,800,600
20250905_162828.jpg,2,,,800,600
20250905_162830.jpg,0,,,800,600
20250905_162834.jpg,0,,,800,600
20250905_162854.jpg,0,,,800,600
20250905_162857.jpg,2,,,800,600
20250905_162900.jpg,2,,,800,600
20250905_163043.jpg,2,,,800,600
20250905_163045.jpg,0,,,800,600
20250905_163047.jpg,0,,,800,600
20250905_163050.jpg,0,,,800,600
20250905_163052.jpg,0,,,800,600
20250905_163200.jpg,2,,,800,600
20250905_163203.jpg,2,,,800,600
20250905_163206.jpg,0,,,800,600
20250905_163208.jpg,0,,,800,600
20250905_163211.jpg,2,,,800,600
20250905_163214.jpg,1,,,800,600
20250905_163217.jpg,1,,,800,600
20250905_163221.jpg,0,,,800,600
20250905_163224.jpg,2,,,800,600
20250905_163226.jpg,2,,,800,600
20250905_163236.jpg,2,,,800,600
20250905_163238.jpg,2,,,800,600
20250905_163242.jpg,0,,,800,600
20250905_163245.jpg,1,,,800,600
20250905_163248.jpg,1,,,800,600
20250905_163250.jpg,1,,,800,600
20250905_163253.jpg,0,,,800,600
20250905_163255.jpg,2,,,800,600
20250905_163626.jpg,0,,,800,600
20250905_163628.jpg,1,,,800,600
20250905_163631.jpg,1,,,800,600
20250905_163654.jpg,1,,,800,600
20250905_163657.jpg,0,,,800,600
20250905_163659.jpg,0,,,800,600
20250905_163702.jpg,0,,,800,600
20250905_163704.jpg,0,,,800,600
20250905_163707.jpg,0,,,800,600
20250905_163735.jpg,2,,,800,600
20250905_163738.jpg,1,,,800,600
20250905_163753.jpg,1,,,800,600
20250905_163756.jpg,0,,,800,600
20250905_163758.jpg,0,,,800,600
20250905_163804.jpg,0,,,800,600
20250905_163807.jpg,1,,,800,600
20250905_163915.jpg,2,,,800,600
20250905_163918.jpg,2,,,800,600
20250905_163921.jpg,0,,,800,600
20250905_163923.jpg,2,,,800,600
20250905_163944.jpg,2,,,800,600
20250905_163947.jpg,2,,,800,600
20250905_163949.jpg,2,,,800,600
20250905_163952.jpg,0,,,800,600
20250905_163954.jpg,0,,,800,600
20250905_163957.jpg,0,,,800,600
20250905_164013.jpg,2,,,800,600
20250905_164016.jpg,2,,,800,600
20250905_164018.jpg,2,,,800,600
20250905_164034.jpg,1,,,800,600
20250905_164037.jpg,2,,,800,600
20250905_164040.jpg,0,,,800,600
20250905_164042.jpg,2,,,800,600
20250905_164044.jpg,0,,,800,600
20250905_164245.jpg,0,,,800,600
20250905_164248.jpg,0,,,800,600
20250905_164251.jpg,2,,,800,600
20250905_164254.jpg,2,,,800,600
20250905_164324.jpg,0,,,800,600
20250905_164327.jpg,2,,,800,600
20250905_164329.jpg,1,,,800,600
20250905_164332.jpg,2,,,800,600
20250905_164349.jpg,0,,,800,600
20250905_164352.jpg,2,,,800,600
20250905_164354.jpg,0,,,800,600
20250905_164501.jpg,1,,,800,600
20250905_164504.jpg,2,,,800,600
20250905_164506.jpg,0,,,800,600
20250905_164553.jpg,0,,,800,600
20250905_164556.jpg,1,,,800,600
20250905_164715.jpg,2,,,800,600
20250905_164718.jpg,2,,,800,600
20250905_164720.jpg,0,,,800,600
20250905_164723.jpg,2,,,800,600
20250905_164800.jpg,0,,,800,600
20250905_164803.jpg,1,,,800,600
20250905_164839.jpg,0,,,800,600
20250905_164842.jpg,0,,,800,600
20250905_164845.jpg,0,,,800,600
20250905_164847.jpg,0,,,800,600
20250905_164853.jpg,2,,,800,600
20250905_164926.jpg,1,,,800,600
20250905_164953.jpg,1,,,800,600
20250905_164955.jpg,2,,,800,600
20250905_165018.jpg,0,,,800,600
20250905_165020.jpg,2,,,800,600
20250905_165212.jpg,1,,,800,600
20250905_165235.jpg,1,,,800,600
20250905_165237.jpg,2,,,800,600
20250905_165250.jpg,0,,,800,600
20250905_165253.jpg,2,,,800,600
20250905_165306.jpg,1,,,800,600
20250905_165309.jpg,0,,,800,600
20250905_165312.jpg,2,,,800,600
20250905_165314.jpg,0,,,800,600
20250905_165324.jpg,2,,,800,600
20250905_165327.jpg,2,,,800,600
20250905_165444.jpg,2,,,800,600
20250905_165446.jpg,2,,,800,600
20250905_165449.jpg,2,,,800,600
20250905_165507.jpg,0,,,800,600
20250905_165509.jpg,2,,,800,600
20250905_165512.jpg,2,,,800,600
20250905_165514.jpg,0,,,800,600
20250905_165517.jpg,0,,,800,600
20250905_165520.jpg,2,,,800,600
20250905_165523.jpg,1,,,800,600
20250905_165525.jpg,1,,,800,600
20250905_165547.jpg,2,,,800,600
20250905_165549.jpg,2,,,800,600
20250905_165552.jpg,0,,,800,600
20250905_165554.jpg,0,,,800,600
20250905_165557.jpg,0,,,800,600
20250905_165600.jpg,2,,,800,600
20250905_165717.jpg,2,,,800,600
20250905_165720.jpg,2,,,800,600
20250905_165722.jpg,2,,,800,600
20250905_165725.jpg,2,,,800,600
20250905_165806.jpg,0,,,800,600
20250905_165808.jpg,1,,,800,600
20250905_165829.jpg,1,,,800,600
20250905_165832.jpg,0,,,800,600
20250905_165835.jpg,2,,,800,600
20250905_165838.jpg,2,,,800,600
20250905_165840.jpg,0,,,800,600
20250905_165843.jpg,2,,,800,600
20250905_165849.jpg,0,,,800,600
20250905_165914.jpg,2,,,800,600
20250905_165916.jpg,2,,,800,600
20250905_165919.jpg,2,,,800,600
20250905_165922.jpg,2,,,800,600
20250905_165958.jpg,2,,,800,600
20250905_170001.jpg,1,,,800,600
20250905_170027.jpg,2,,,800,600
20250905_170030.jpg,2,,,800,600
20250905_170034.jpg,2,,,800,600
20250905_170039.jpg,2,,,800,600
20250905_170215.jpg,1,,,800,600
20250905_170218.jpg,2,,,800,600
20250905_170221.jpg,2,,,800,600
20250905_170224.jpg,2,,,800,600
20250905_170227.jpg,2,,,800,600
20250905_170237.jpg,1,,,800,600
20250905_170241.jpg,2,,,800,600
20250905_170244.jpg,2,,,800,600
20250905_170253.jpg,2,,,800,600
20250905_170256.jpg,2,,,800,600
20250905_170314.jpg,2,,,800,600
20250905_170317.jpg,0,,,800,600
20250905_170320.jpg,1,,,800,600
20250905_170335.jpg,2,,,800,600
20250905_170338.jpg,2,,,800,600
20250905_170341.jpg,2,,,800,600
20250905_170344.jpg,0,,,800,600
20250905_170348.jpg,2,,,800,600
20250905_170447.jpg,2,,,800,600
20250905_170450.jpg,2,,,800,600
20250905_170508.jpg,1,,,800,600
20250905_170511.jpg,0,,,800,600
20250905_170514.jpg,2,,,800,600
20250905_170559.jpg,0,,,800,600
20250905_170602.jpg,2,,,800,600
20250905_170605.jpg,1,,,800,600
20250905_170722.jpg,2,,,800,600
20250905_170725.jpg,0,,,800,600
20250905_170728.jpg,2,,,800,600
20250905_170731.jpg,2,,,800,600
20250905_170758.jpg,2,,,800,600
20250905_170801.jpg,2,,,800,600
20250905_170804.jpg,2,,,800,600
20250906_121125.jpg,2,,,800,600
20250906_121127.jpg,2,,,800,600
20250906_121128.jpg,0,,,800,600
20250906_121131.jpg,0,,,800,600
20250906_121133.jpg,0,,,800,600
20250906_121136.jpg,0,,,800,600
20250906_121140.jpg,0,,,800,600
20250906_121141.jpg,0,,,800,600
20250906_121143.jpg,1,,,800,600
20250906_121245.jpg,2,,,800,600
20250906_121246.jpg,0,,,800,600
20250906_121248.jpg,0,,,800,600
20250906_121249.jpg,0,,,800,600
20250906_121251.jpg,0,,,800,600
20250906_121253.jpg,0,,,800,600
20250906_121254.jpg,0,,,800,600
20250906_121255.jpg,0,,,800,600
20250906_121257.jpg,2,,,800,600
20250906_121258.jpg,2,,,800,600
20250906_121259.jpg,2,,,800,600
20250906_121311.jpg,2,,,800,600
20250906_121312.jpg,1,,,800,600
20250906_121315.jpg,1,,,800,600
20250906_121316.jpg,2,,,800,600
20250906_121340.jpg,1,,,800,600
20250906_121341.jpg,2,,,800,600
20250906_121342.jpg,2,,,800,600
20250906_121344.jpg,0,,,800,600
20250906_121346.jpg,2,,,800,600
20250906_121347.jpg,2,,,800,600
20250906_121418.jpg,2,,,800,600
20250906_121420.jpg,2,,,800,600
20250906_121439.jpg,1,,,800,600
20250906_121441.jpg,2,,,800,600
20250906_121444.jpg,0,,,800,600
20250906_121445.jpg,0,,,800,600
20250906_121446.jpg,2,,,800,600
20250906_121447.jpg,2,,,800,600
20250906_121450.jpg,0,,,800,600
20250906_121451.jpg,2,,,800,600
20250906_121452.jpg,1,,,800,600
20250906_121453.jpg,1,,,800,600
20250906_121455.jpg,1,,,800,600
20250906_121516.jpg,1,,,800,600
20250906_121518.jpg,0,,,800,600
20250906_121519.jpg,2,,,800,600
20250906_121520.jpg,0,,,800,600
20250906_121521.jpg,0,,,800,600
20250906_121523.jpg,0,,,800,600
20250906_121525.jpg,0,,,800,600
20250906_121526.jpg,0,,,800,600
20250906_121528.jpg,0,,,800,600
20250906_121529.jpg,2,,,800,600
20250906_121530.jpg,2,,,800,600
20250906_121531.jpg,2,,,800,600
20250906_121533.jpg,2,,,800,600
20250906_121534.jpg,0,,,800,600
20250906_121538.jpg,0,,,800,600
20250906_121559.jpg,2,,,800,600
20250906_121600.jpg,1,,,800,600
20250906_121602.jpg,2,,,800,600
20250906_121603.jpg,1,,,800,600
20250906_121605.jpg,2,,,800,600
20250906_121845.jpg,2,,,800,600
20250906_121848.jpg,2,,,800,600
20250906_121849.jpg,2,,,800,600
20250906_121851.jpg,2,,,800,600
20250906_121853.jpg,2,,,800,600
20250906_121856.jpg,2,,,800,600
20250906_121857.jpg,2,,,800,600
20250906_121858.jpg,0,,,800,600
20250906_121900.jpg,2,,,800,600
20250906_121908.jpg,0,,,800,600
20250906_121911.jpg,2,,,800,600
20250906_121914.jpg,2,,,800,600
20250906_121916.jpg,0,,,800,600
20250906_121918.jpg,0,,,800,600
20250906_121920.jpg,0,,,800,600
20250906_124018.jpg,2,,,800,600
20250906_124020.jpg,0,,,800,600
20250906_124048.jpg,0,,,800,600
20250906_124049.jpg,0,,,800,600
20250906_124051.jpg,2,,,800,600
20250906_124052.jpg,0,,,800,600
20250906_124054.jpg,1,,,800,600
20250906_124110.jpg,1,,,800,600
20250906_124111.jpg,0,,,800,600
20250906_124114.jpg,0,,,800,600
20250906_124115.jpg,2,,,800,600
20250906_124116.jpg,1,,,800,600
20250906_124118.jpg,1,,,800,600
20250906_124646.jpg,1,,,800,600
20250906_124647.jpg,1,,,800,600
20250906_124649.jpg,2,,,800,600
20250906_124650.jpg,1,,,800,600
20250906_124652.jpg,1,,,800,600
20250906_124653.jpg,1,,,800,600
20250906_124655.jpg,1,,,800,600
20250906_124730.jpg,2,,,800,600
20250906_124731.jpg,0,,,800,600
20250906_124733.jpg,0,,,800,600
20250906_124734.jpg,0,,,800,600
20250906_124736.jpg,0,,,800,600
20250906_124753.jpg,0,,,800,600
20250906_124755.jpg,0,,,800,600
20250906_124812.jpg,0,,,800,600
20250906_124814.jpg,2,,,800,600
20250906_125421.jpg,1,,,800,600
20250906_125423.jpg,0,,,800,600
20250906_125425.jpg,0,,,800,600
20250906_125427.jpg,0,,,800,600
20250906_125428.jpg,0,,,800,600
20250906_125430.jpg,0,,,800,600
20250906_125432.jpg,0,,,800,600
20250906_125434.jpg,2,,,800,600
20250906_125439.jpg,2,,,800,600
20250906_125441.jpg,2,,,800,600
20250906_125456.jpg,1,,,800,600
20250906_125458.jpg,0,,,800,600
20250906_125459.jpg,0,,,800,600
20250906_125501.jpg,0,,,800,600
20250906_125503.jpg,0,,,800,600
20250906_125504.jpg,2,,,800,600
20250906_125530.jpg,0,,,800,600
20250906_125531.jpg,2,,,800,600
20250906_125533.jpg,2,,,800,600
20250906_125534.jpg,0,,,800,600
20250906_125536.jpg,2,,,800,600
20250906_125537.jpg,0,,,800,600
20250906_125541.jpg,0,,,800,600
20250906_125543.jpg,1,,,800,600
20250906_125544.jpg,1,,,800,600
20250906_125545.jpg,2,,,800,600
20250906_125547.jpg,2,,,800,600
20250906_125548.jpg,2,,,800,600
20250906_125550.jpg,2,,,800,600
20250906_125551.jpg,2,,,800,600
20250906_125925.jpg,1,,,800,600
20250906_125927.jpg,0,,,800,600
20250906_125928.jpg,0,,,800,600
20250906_125930.jpg,2,,,800,600
20250906_125932.jpg,0,,,800,600
20250906_125933.jpg,0,,,800,600
20250906_125935.jpg,0,,,800,600
20250906_125936.jpg,0,,,800,600
20250906_130129.jpg,2,,,800,600
20250906_130131.jpg,2,,,800,600
20250906_130133.jpg,0,,,800,600
20250906_130152.jpg,2,,,800,600
20250906_130154.jpg,2,,,800,600
20250906_130156.jpg,1,,,800,600
20250906_130215.jpg,2,,,800,600
20250906_130217.jpg,0,,,800,600
20250906_130219.jpg,0,,,800,600
20250906_130222.jpg,2,,,800,600
20250906_130224.jpg,0,,,800,600
20250906_130225.jpg,0,,,800,600
20250906_130227.jpg,2,,,800,600
20250906_130229.jpg,2,,,800,600
20250906_130230.jpg,0,,,800,600
20250906_130442.jpg,0,,,800,600
20250906_130445.jpg,0,,,800,600
20250906_130447.jpg,0,,,800,600
20250906_130449.jpg,0,,,800,600
20250906_130451.jpg,0,,,800,600
20250906_130453.jpg,0,,,800,600
20250906_130454.jpg,2,,,800,600
20250906_130457.jpg,2,,,800,600
20250906_130501.jpg,0,,,800,600
20250906_130503.jpg,1,,,800,600
20250906_130505.jpg,2,,,800,600
20250906_130507.jpg,2,,,800,600
20250906_130522.jpg,1,,,800,600
20250906_130524.jpg,0,,,800,600
20250906_130526.jpg,0,,,800,600
20250906_130528.jpg,0,,,800,600
20250906_130531.jpg,2,,,800,600
20250906_130532.jpg,1,,,800,600
20250906_130534.jpg,1,,,800,600
20250906_130536.jpg,1,,,800,600
20250906_130538.jpg,1,,,800,600
20250906_134716.jpg,1,,,800,600
20250906_134735.jpg,0,,,800,600
20250906_134737.jpg,0,,,800,600
20250906_134739.jpg,2,,,800,600
20250906_134741.jpg,0,,,800,600
20250906_134743.jpg,0,,,800,600
20250906_134750.jpg,2,,,800,600
20250906_134752.jpg,2,,,800,600
20250906_134754.jpg,2,,,800,600
20250906_134756.jpg,2,,,800,600
20250906_134803.jpg,0,,,800,600
20250906_134853.jpg,2,,,800,600
20250906_134856.jpg,0,,,800,600
20250906_134857.jpg,0,,,800,600
20250906_134920.jpg,0,,,800,600
20250906_134922.jpg,1,,,800,600
20250906_134924.jpg,2,,,800,600
20250906_134926.jpg,1,,,800,600
20250906_134927.jpg,1,,,800,600
20250906_134941.jpg,1,,,800,600
20250906_134943.jpg,2,,,800,600
20250906_134945.jpg,0,,,800,600
20250906_134947.jpg,2,,,800,600
20250906_134949.jpg,2,,,800,600
20250906_134951.jpg,0,,,800,600
20250906_134952.jpg,0,,,800,600
20250906_134954.jpg,2,,,800,600
20250906_134956.jpg,2,,,800,600
20250906_135004.jpg,2,,,800,600
20250906_135005.jpg,1,,,800,600
20250906_135020.jpg,1,,,800,600
20250906_135022.jpg,0,,,800,600
20250906_135024.jpg,0,,,800,600
20250906_135027.jpg,0,,,800,600
20250906_135038.jpg,2,,,800,600
20250906_135040.jpg,1,,,800,600
20250906_135042.jpg,1,,,800,600
20250906_135058.jpg,1,,,800,600
20250906_135059.jpg,0,,,800,600
20250906_135101.jpg,0,,,800,600
20250906_135103.jpg,2,,,800,600
20250906_135105.jpg,2,,,800,600
20250906_135109.jpg,2,,,800,600
20250906_135146.jpg,0,,,800,600
20250906_135148.jpg,1,,,800,600
20250906_135241.jpg,1,,,800,600
20250906_135242.jpg,2,,,800,600
20250906_135244.jpg,0,,,800,600
20250906_135246.jpg,0,,,800,600
20250906_135249.jpg,2,,,800,600
20250906_135250.jpg,1,,,800,600
20250906_135252.jpg,2,,,800,600
20250906_135310.jpg,1,,,800,600
20250906_135312.jpg,0,,,800,600
20250906_135314.jpg,0,,,800,600
20250906_135316.jpg,0,,,800,600
20250906_135318.jpg,1,,,800,600
20250906_135335.jpg,2,,,800,600
20250906_135337.jpg,0,,,800,600
20250906_135339.jpg,0,,,800,600
20250906_135341.jpg,2,,,800,600
20250906_135358.jpg,0,,,800,600
20250906_135400.jpg,0,,,800,600
20250906_135402.jpg,0,,,800,600
20250906_135404.jpg,2,,,800,600
20250906_135405.jpg,2,,,800,600
20250906_135522.jpg,0,,,800,600
20250906_135524.jpg,2,,,800,600
20250906_135525.jpg,0,,,800,600
20250906_135527.jpg,2,,,800,600
20250906_135528.jpg,2,,,800,600
20250906_135530.jpg,2,,,800,600
20250906_135540.jpg,0,,,800,600
20250906_135541.jpg,1,,,800,600
20250906_135543.jpg,1,,,800,600
20250906_135545.jpg,1,,,800,600
20250906_135602.jpg,2,,,800,600
20250906_135604.jpg,0,,,800,600
20250906_135606.jpg,0,,,800,600
20250906_135607.jpg,2,,,800,600
20250906_135609.jpg,2,,,800,600
20250906_135611.jpg,0,,,800,600
20250906_135614.jpg,2,,,800,600
20250906_135707.jpg,0,,,800,600
20250906_135709.jpg,0,,,800,600
20250906_135711.jpg,0,,,800,600
20250906_135713.jpg,2,,,800,600
20250906_135715.jpg,0,,,800,600
20250906_135716.jpg,2,,,800,600
20250906_135823.jpg,2,,,800,600
20250906_135825.jpg,1,,,800,600
20250906_135827.jpg,1,,,800,600
20250906_135829.jpg,0,,,800,600
20250906_135830.jpg,2,,,800,600
20250906_135859.jpg,2,,,800,600
20250906_135901.jpg,0,,,800,600
20250906_135903.jpg,0,,,800,600
20250906_135904.jpg,0,,,800,600
20250906_135913.jpg,0,,,800,600
20250906_135914.jpg,0,,,800,600
20250906_135916.jpg,0,,,800,600
20250906_135932.jpg,2,,,800,600
20250906_135934.jpg,1,,,800,600
20250906_135936.jpg,2,,,800,600
20250906_135954.jpg,2,,,800,600
20250906_135956.jpg,0,,,800,600
20250906_135959.jpg,0,,,800,600
20250906_140001.jpg,2,,,800,600
20250906_140004.jpg,0,,,800,600
20250906_140006.jpg,0,,,800,600
20250906_140009.jpg,0,,,800,600
20250906_140011.jpg,0,,,800,600
20250906_140013.jpg,2,,,800,600
20250906_140056.jpg,0,,,800,600
20250906_140058.jpg,2,,,800,600
20250906_140100.jpg,1,,,800,600
20250906_140102.jpg,2,,,800,600
20250906_140104.jpg,2,,,800,600
20250906_140106.jpg,1,,,800,600
20250906_140124.jpg,1,,,800,600
20250906_140126.jpg,2,,,800,600
20250906_140128.jpg,0,,,800,600
20250906_140130.jpg,0,,,800,600
20250906_140131.jpg,0,,,800,600
20250906_140133.jpg,2,,,800,600
20250906_140136.jpg,0,,,800,600
20250906_140142.jpg,0,,,800,600
20250906_140144.jpg,0,,,800,600
20250906_140148.jpg,0,,,800,600
20250906_140237.jpg,2,,,800,600
20250906_140239.jpg,0,,,800,600
20250906_140241.jpg,0,,,800,600
20250906_140243.jpg,0,,,800,600
20250906_140246.jpg,0,,,800,600
20250906_140248.jpg,2,,,800,600
20250906_140250.jpg,2,,,800,600
20250906_140252.jpg,0,,,800,600
20250906_140254.jpg,0,,,800,600
20250906_140257.jpg,0,,,800,600
20250906_140259.jpg,1,,,800,600
20250906_140300.jpg,2,,,800,600
20250906_140319.jpg,2,,,800,600
20250906_140321.jpg,2,,,800,600
20250906_140323.jpg,0,,,800,600
20250906_140325.jpg,2,,,800,600
20250906_140327.jpg,0,,,800,600
20250906_140339.jpg,0,,,800,600
20250906_140341.jpg,1,,,800,600
20250906_140342.jpg,1,,,800,600
20250906_140402.jpg,1,,,800,600
20250906_140403.jpg,0,,,800,600
20250906_140405.jpg,0,,,800,600
20250906_140407.jpg,2,,,800,600
20250906_140409.jpg,2,,,800,600
20250906_140448.jpg,0,,,800,600
20250906_140450.jpg,1,,,800,600
20250906_140452.jpg,2,,,800,600
20250906_140454.jpg,2,,,800,600
20250906_140456.jpg,1,,,800,600
20250906_140506.jpg,1,,,800,600
20250906_140507.jpg,0,,,800,600
20250906_140510.jpg,0,,,800,600
20250906_140512.jpg,0,,,800,600
20250906_140514.jpg,0,,,800,600
20250906_140516.jpg,0,,,800,600
20250906_140541.jpg,0,,,800,600
20250906_140543.jpg,2,,,800,600
20250906_140545.jpg,0,,,800,600
20250906_140546.jpg,1,,,800,600
20250906_140549.jpg,2,,,800,600
20250906_140550.jpg,1,,,800,600
20250906_140552.jpg,1,,,800,600
20250906_140614.jpg,1,,,800,600
20250906_140616.jpg,0,,,800,600
20250906_140618.jpg,2,,,800,600
20250906_140620.jpg,2,,,800,600
20250906_140622.jpg,0,,,800,600
20250906_140624.jpg,0,,,800,600
20250906_140648.jpg,0,,,800,600
20250906_140649.jpg,2,,,800,600
20250906_140652.jpg,2,,,800,600
20250906_140709.jpg,1,,,800,600
20250906_140711.jpg,2,,,800,600
20250906_140712.jpg,2,,,800,600
20250906_140714.jpg,0,,,800,600
20250906_140716.jpg,0,,,800,600
20250906_140718.jpg,2,,,800,600
20250906_140720.jpg,0,,,800,600
20250906_140735.jpg,0,,,800,600
20250906_140738.jpg,2,,,800,600
20250906_140746.jpg,2,,,800,600
20250906_140749.jpg,2,,,800,600
20250906_140751.jpg,2,,,800,600
20250906_140823.jpg,1,,,800,600
20250906_140825.jpg,1,,,800,600
20250906_140827.jpg,1,,,800,600
20250906_140830.jpg,2,,,800,600
20250906_140832.jpg,2,,,800,600
20250906_140834.jpg,2,,,800,600
20250906_140839.jpg,0,,,800,600
20250906_140842.jpg,2,,,800,600
20250906_140843.jpg,1,,,800,600
20250906_140845.jpg,1,,,800,600
20250906_140849.jpg,1,,,800,600
20250906_140907.jpg,1,,,800,600
20250906_140909.jpg,2,,,800,600
20250906_140911.jpg,0,,,800,600
20250906_140912.jpg,2,,,800,600
20250906_140914.jpg,0,,,800,600
20250906_140917.jpg,2,,,800,600
20250906_140957.jpg,0,,,800,600
20250906_140959.jpg,2,,,800,600
20250906_141001.jpg,2,,,800,600
20250906_141003.jpg,1,,,800,600
20250906_141020.jpg,1,,,800,600
20250906_141022.jpg,2,,,800,600
20250906_141024.jpg,0,,,800,600
20250906_141025.jpg,0,,,800,600
20250906_141029.jpg,2,,,800,600
20250906_141031.jpg,1,,,800,600
20250906_141033.jpg,0,,,800,600
20250906_141036.jpg,0,,,800,600
20250906_141038.jpg,0,,,800,600
20250906_141040.jpg,2,,,800,600
20250906_141043.jpg,1,,,800,600
20250906_141045.jpg,1,,,800,600
20250906_141128.jpg,2,,,800,600
20250906_141130.jpg,0,,,800,600
20250906_141132.jpg,0,,,800,600
20250906_141136.jpg,2,,,800,600
20250906_141147.jpg,0,,,800,600
20250906_141149.jpg,2,,,800,600
20250906_141151.jpg,1,,,800,600
20250906_141153.jpg,1,,,800,600
20250906_141233.jpg,1,,,800,600
20250906_141235.jpg,0,,,800,600
20250906_141237.jpg,0,,,800,600
20250906_141239.jpg,0,,,800,600
20250906_141243.jpg,0,,,800,600
20250906_141245.jpg,2,,,800,600
20250906_141259.jpg,1,,,800,600
20250906_141302.jpg,0,,,800,600
20250906_141348.jpg,0,,,800,600
20250906_141350.jpg,1,,,800,600
20250906_141352.jpg,2,,,800,600
20250906_141355.jpg,1,,,800,600
20250906_141357.jpg,1,,,800,600
20250906_141359.jpg,2,,,800,600
20250906_141454.jpg,1,,,800,600
20250906_141456.jpg,2,,,800,600
20250906_141459.jpg,2,,,800,600
20250906_141508.jpg,0,,,800,600
20250906_141510.jpg,2,,,800,600
20250906_141602.jpg,2,,,800,600
20250906_141604.jpg,1,,,800,600
20250906_141757.jpg,1,,,800,600
20250906_141759.jpg,0,,,800,600
20250906_141802.jpg,2,,,800,600
20250906_141804.jpg,2,,,800,600
20250906_141806.jpg,0,,,800,600
20250906_141809.jpg,1,,,800,600
20250906_141811.jpg,1,,,800,600
20250906_141830.jpg,2,,,800,600
20250906_141832.jpg,0,,,800,600
20250906_141834.jpg,0,,,800,600
20250906_141837.jpg,0,,,800,600
20250906_141840.jpg,2,,,800,600
20250906_141852.jpg,2,,,800,600
20250906_141900.jpg,0,,,800,600
20250906_141902.jpg,1,,,800,600
20250906_141921.jpg,1,,,800,600
20250906_141923.jpg,0,,,800,600
20250906_141926.jpg,0,,,800,600
20250906_141928.jpg,0,,,800,600
20250906_141930.jpg,0,,,800,600
20250906_141947.jpg,0,,,800,600
20250906_141949.jpg,1,,,800,600
20250906_141951.jpg,1,,,800,600
20250906_142151.jpg,2,,,800,600
20250906_142154.jpg,2,,,800,600
20250906_142157.jpg,0,,,800,600
20250906_142201.jpg,0,,,800,600
20250906_142219.jpg,2,,,800,600
20250906_142221.jpg,2,,,800,600
20250906_142224.jpg,1,,,800,600
20250906_142226.jpg,1,,,800,600
20250906_142239.jpg,2,,,800,600
20250906_142241.jpg,0,,,800,600
20250906_142244.jpg,2,,,800,600
20250906_142246.jpg,0,,,800,600
20250906_142248.jpg,2,,,800,600
20250906_142251.jpg,0,,,800,600
20250906_142324.jpg,0,,,800,600
20250906_142327.jpg,2,,,800,600
20250906_142423.jpg,2,,,800,600
20250906_142425.jpg,0,,,800,600
20250906_142427.jpg,0,,,800,600
20250906_142430.jpg,0,,,800,600
20250906_142432.jpg,0,,,800,600
20250906_142526.jpg,2,,,800,600
20250906_142528.jpg,2,,,800,600
20250906_142531.jpg,0,,,800,600
20250906_142534.jpg,0,,,800,600
20250906_142536.jpg,0,,,800,600
20250906_142538.jpg,0,,,800,600
20250906_142735.jpg,2,,,800,600
20250906_142738.jpg,0,,,800,600
20250906_142740.jpg,0,,,800,600
20250906_142742.jpg,2,,,800,600
20250906_142745.jpg,0,,,800,600
20250906_142747.jpg,0,,,800,600
20250906_142749.jpg,0,,,800,600
20250906_142804.jpg,0,,,800,600
20250906_142806.jpg,0,,,800,600
20250906_142809.jpg,0,,,800,600
20250906_142812.jpg,0,,,800,600
20250906_142814.jpg,1,,,800,600
20250907_095006.jpg,0,,,800,600
20250907_095008.jpg,0,,,800,600
20250907_095009.jpg,0,,,800,600
20250907_095012.jpg,2,,,800,600
20250907_095016.jpg,0,,,800,600
20250907_095024.jpg,2,,,800,600
20250907_095026.jpg,0,,,800,600
20250907_095028.jpg,2,,,800,600
20250907_095029.jpg,2,,,800,600
20250907_095030.jpg,1,,,800,600
20250907_095626.jpg,1,,,800,600
20250907_095627.jpg,0,,,800,600
20250907_095629.jpg,2,,,800,600
20250907_095631.jpg,0,,,800,600
20250907_095632.jpg,0,,,800,600
20250907_095634.jpg,0,,,800,600
20250907_095635.jpg,0,,,800,600
20250907_095702.jpg,0,,,800,600
20250907_095703.jpg,2,,,800,600
20250907_095704.jpg,2,,,800,600
20250907_095706.jpg,1,,,800,600
20250907_095707.jpg,2,,,800,600
20250907_095748.jpg,1,,,800,600
20250907_095749.jpg,2,,,800,600
20250907_095750.jpg,0,,,800,600
20250907_095752.jpg,0,,,800,600
20250907_095754.jpg,0,,,800,600
20250907_095755.jpg,2,,,800,600
20250907_095756.jpg,2,,,800,600
20250907_095758.jpg,0,,,800,600
20250907_095759.jpg,0,,,800,600
20250907_095800.jpg,0,,,800,600
20250907_095832.jpg,0,,,800,600
20250907_095834.jpg,2,,,800,600
20250907_095835.jpg,1,,,800,600
20250907_095837.jpg,1,,,800,600
20250907_100241.jpg,1,,,800,600
20250907_100244.jpg,0,,,800,600
20250907_100246.jpg,0,,,800,600
20250907_100248.jpg,0,,,800,600
20250907_100250.jpg,0,,,800,600
20250907_100252.jpg,2,,,800,600
20250907_100253.jpg,0,,,800,600
20250907_100328.jpg,0,,,800,600
20250907_100330.jpg,2,,,800,600
20250907_100331.jpg,1,,,800,600
20250907_100332.jpg,1,,,800,600
20250907_100352.jpg,2,,,800,600
20250907_100354.jpg,0,,,800,600
20250907_100356.jpg,0,,,800,600
20250907_100357.jpg,0,,,800,600
20250907_100359.jpg,0,,,800,600
20250907_100401.jpg,2,,,800,600
20250907_100421.jpg,0,,,800,600
20250907_100422.jpg,2,,,800,600
20250907_100424.jpg,1,,,800,600
20250907_100425.jpg,1,,,800,600
20250907_100426.jpg,1,,,800,600
20250907_100428.jpg,1,,,800,600
20250907_100448.jpg,2,,,800,600
20250907_100449.jpg,0,,,800,600
20250907_100451.jpg,0,,,800,600
20250907_100452.jpg,0,,,800,600
20250907_100454.jpg,2,,,800,600
20250907_100456.jpg,0,,,800,600
20250907_100458.jpg,0,,,800,600
20250907_100500.jpg,0,,,800,600
20250907_100516.jpg,0,,,800,600
20250907_100518.jpg,1,,,800,600
20250907_100520.jpg,1,,,800,600
20250907_100521.jpg,1,,,800,600
20250907_100523.jpg,1,,,800,600
20250907_100524.jpg,1,,,800,600
20250907_100526.jpg,2,,,800,600
20250907_100527.jpg,1,,,800,600
20250907_100545.jpg,2,,,800,600
20250907_100546.jpg,2,,,800,600
20250907_100549.jpg,0,,,800,600
20250907_100550.jpg,0,,,800,600
20250907_100552.jpg,0,,,800,600
20250907_100553.jpg,0,,,800,600
20250907_100555.jpg,0,,,800,600
20250907_100601.jpg,2,,,800,600
20250907_100603.jpg,0,,,800,600
20250907_100609.jpg,0,,,800,600
20250907_100611.jpg,1,,,800,600
20250907_100648.jpg,1,,,800,600
20250907_100649.jpg,0,,,800,600
20250907_100651.jpg,2,,,800,600
20250907_100653.jpg,0,,,800,600
20250907_100659.jpg,0,,,800,600
20250907_100701.jpg,1,,,800,600
20250907_100702.jpg,1,,,800,600
20250907_100704.jpg,1,,,800,600
20250907_100705.jpg,2,,,800,600
20250907_100707.jpg,1,,,800,600
20250907_100726.jpg,1,,,800,600
20250907_100727.jpg,0,,,800,600
20250907_100729.jpg,0,,,800,600
20250907_100731.jpg,2,,,800,600
20250907_100732.jpg,2,,,800,600
20250907_100734.jpg,0,,,800,600
20250907_100808.jpg,2,,,800,600
20250907_100810.jpg,1,,,800,600
20250907_100811.jpg,1,,,800,600
20250907_100812.jpg,1,,,800,600
20250907_100832.jpg,2,,,800,600
20250907_100834.jpg,0,,,800,600
20250907_100835.jpg,0,,,800,600
20250907_100837.jpg,0,,,800,600
20250907_100838.jpg,0,,,800,600
20250907_100840.jpg,0,,,800,600
20250907_100841.jpg,0,,,800,600
20250907_100843.jpg,2,,,800,600
20250907_100846.jpg,0,,,800,600
20250907_100849.jpg,0,,,800,600
20250907_100851.jpg,1,,,800,600
20250907_100852.jpg,1,,,800,600
20250907_100853.jpg,1,,,800,600
20250907_100855.jpg,1,,,800,600
20250907_100914.jpg,1,,,800,600
20250907_100916.jpg,0,,,800,600
20250907_100917.jpg,2,,,800,600
20250907_100919.jpg,2,,,800,600
20250907_100921.jpg,0,,,800,600
20250907_100923.jpg,0,,,800,600
20250907_100956.jpg,0,,,800,600
20250907_100957.jpg,2,,,800,600
20250907_100959.jpg,2,,,800,600
20250907_101000.jpg,1,,,800,600
20250907_101001.jpg,1,,,800,600
20250907_101023.jpg,1,,,800,600
20250907_101024.jpg,0,,,800,600
20250907_101026.jpg,0,,,800,600
20250907_101028.jpg,0,,,800,600
20250907_101030.jpg,0,,,800,600
20250907_101031.jpg,2,,,800,600
20250907_101033.jpg,2,,,800,600
20250907_101039.jpg,2,,,800,600
20250907_101041.jpg,1,,,800,600
20250907_101042.jpg,1,,,800,600
20250907_101045.jpg,2,,,800,600
20250907_101123.jpg,2,,,800,600
20250907_101124.jpg,2,,,800,600
20250907_101126.jpg,2,,,800,600
20250907_101127.jpg,0,,,800,600
20250907_101129.jpg,0,,,800,600
20250907_101134.jpg,0,,,800,600
20250907_101139.jpg,0,,,800,600
20250907_101143.jpg,2,,,800,600
20250907_101145.jpg,1,,,800,600
20250907_101146.jpg,1,,,800,600
20250907_101203.jpg,1,,,800,600
20250907_101205.jpg,2,,,800,600
20250907_101206.jpg,0,,,800,600
20250907_101208.jpg,0,,,800,600
20250907_101211.jpg,0,,,800,600
20250907_101213.jpg,0,,,800,600
20250907_101214.jpg,0,,,800,600
20250907_101215.jpg,2,,,800,600
20250907_101217.jpg,0,,,800,600
20250907_101219.jpg,0,,,800,600
20250907_101228.jpg,0,,,800,600
20250907_101232.jpg,0,,,800,600
20250907_101233.jpg,2,,,800,600
20250907_101235.jpg,1,,,800,600
20250907_101255.jpg,1,,,800,600
20250907_101257.jpg,2,,,800,600
20250907_101258.jpg,0,,,800,600
20250907_101300.jpg,0,,,800,600
20250907_101301.jpg,2,,,800,600
20250907_101303.jpg,2,,,800,600
20250907_101304.jpg,2,,,800,600
20250907_101306.jpg,0,,,800,600
20250907_101308.jpg,0,,,800,600
20250907_101320.jpg,0,,,800,600
20250907_101322.jpg,1,,,800,600
20250907_101323.jpg,1,,,800,600
20250907_101325.jpg,1,,,800,600
20250907_101326.jpg,2,,,800,600
20250907_101328.jpg,2,,,800,600
20250907_101331.jpg,1,,,800,600
20250907_101332.jpg,1,,,800,600
20250907_101349.jpg,1,,,800,600
20250907_101351.jpg,0,,,800,600
20250907_101353.jpg,0,,,800,600
20250907_101355.jpg,0,,,800,600
20250907_101357.jpg,0,,,800,600
20250907_101359.jpg,0,,,800,600
20250907_101400.jpg,0,,,800,600
20250907_101403.jpg,1,,,800,600
20250907_101405.jpg,1,,,800,600
20250907_101406.jpg,1,,,800,600
20250907_101407.jpg,2,,,800,600
20250907_101628.jpg,1,,,800,600
20250907_101630.jpg,0,,,800,600
20250907_101631.jpg,2,,,800,600
20250907_101633.jpg,0,,,800,600
20250907_101636.jpg,0,,,800,600
20250907_101638.jpg,0,,,800,600
20250907_101640.jpg,0,,,800,600
20250907_101642.jpg,0,,,800,600
20250907_101643.jpg,0,,,800,600
20250907_101645.jpg,0,,,800,600
20250907_101649.jpg,0,,,800,600
20250907_101650.jpg,1,,,800,600
20250907_101652.jpg,1,,,800,600
20250907_101654.jpg,1,,,800,600
20250907_101709.jpg,1,,,800,600
20250907_101710.jpg,0,,,800,600
20250907_101713.jpg,2,,,800,600
20250907_101719.jpg,2,,,800,600
20250907_101721.jpg,2,,,800,600
20250907_101723.jpg,2,,,800,600
20250907_101838.jpg,0,,,800,600
20250907_101840.jpg,2,,,800,600
20250907_101842.jpg,0,,,800,600
20250907_101843.jpg,0,,,800,600
20250907_101845.jpg,0,,,800,600
20250907_101846.jpg,0,,,800,600
20250907_101919.jpg,2,,,800,600
20250907_101920.jpg,1,,,800,600
20250907_101955.jpg,2,,,800,600
20250907_101957.jpg,2,,,800,600
20250907_101958.jpg,2,,,800,600
20250907_102000.jpg,1,,,800,600
20250907_102002.jpg,1,,,800,600
20250907_102004.jpg,1,,,800,600
20250907_102005.jpg,2,,,800,600
20250907_102052.jpg,1,,,800,600
20250907_102054.jpg,0,,,800,600
20250907_102055.jpg,2,,,800,600
20250907_102057.jpg,0,,,800,600
20250907_102059.jpg,0,,,800,600
20250907_102102.jpg,2,,,800,600
20250907_102104.jpg,0,,,800,600
20250907_102107.jpg,0,,,800,600
20250907_102121.jpg,2,,,800,600
20250907_102124.jpg,2,,,800,600
20250907_102125.jpg,2,,,800,600
20250907_102133.jpg,0,,,800,600
20250907_102135.jpg,0,,,800,600
20250907_102138.jpg,2,,,800,600
20250907_102140.jpg,1,,,800,600
20250907_102236.jpg,2,,,800,600
20250907_102238.jpg,0,,,800,600
20250907_102240.jpg,0,,,800,600
20250907_102242.jpg,0,,,800,600
20250907_102244.jpg,0,,,800,600
20250907_102247.jpg,0,,,800,600
20250907_102249.jpg,0,,,800,600
20250907_102523.jpg,0,,,800,600
20250907_102526.jpg,2,,,800,600
20250907_102528.jpg,0,,,800,600
20250907_102530.jpg,0,,,800,600
20250907_102532.jpg,2,,,800,600
20250907_102534.jpg,0,,,800,600
20250907_102536.jpg,2,,,800,600
20250907_102537.jpg,2,,,800,600
20250907_102540.jpg,0,,,800,600
20250907_102543.jpg,0,,,800,600
20250907_102724.jpg,2,,,800,600
20250907_102727.jpg,0,,,800,600
20250907_102729.jpg,2,,,800,600
20250907_102731.jpg,0,,,800,600
20250907_102733.jpg,0,,,800,600
20250907_102739.jpg,2,,,800,600
20250907_102741.jpg,2,,,800,600
20250907_102743.jpg,2,,,800,600
20250907_102745.jpg,1,,,800,600
20250907_102746.jpg,1,,,800,600
20250907_102748.jpg,1,,,800,600
20250907_102750.jpg,0,,,800,600
20250907_102752.jpg,2,,,800,600
20250907_102815.jpg,2,,,800,600
20250907_102817.jpg,2,,,800,600
20250907_102820.jpg,0,,,800,600
20250907_102822.jpg,2,,,800,600
20250907_102823.jpg,0,,,800,600
20250907_102825.jpg,0,,,800,600
20250907_102828.jpg,2,,,800,600
20250907_102852.jpg,2,,,800,600
20250907_102908.jpg,0,,,800,600
20250907_102910.jpg,1,,,800,600
20250907_103014.jpg,1,,,800,600
20250907_103017.jpg,1,,,800,600
20250907_103018.jpg,1,,,800,600
20250907_103020.jpg,1,,,800,600
20250907_103022.jpg,1,,,800,600
20250907_103025.jpg,1,,,800,600
20250907_103612.jpg,1,,,800,600
20250907_103614.jpg,2,,,800,600
20250907_103931.jpg,1,,,800,600
20250907_103934.jpg,0,,,800,600
20250907_103936.jpg,0,,,800,600
20250907_103939.jpg,0,,,800,600
20250907_103942.jpg,0,,,800,600
20250907_103943.jpg,0,,,800,600
20250907_103947.jpg,0,,,800,600
20250907_104109.jpg,0,,,800,600
20250907_104111.jpg,0,,,800,600
20250907_104113.jpg,0,,,800,600
20250907_104120.jpg,0,,,800,600
20250907_104122.jpg,0,,,800,600
20250907_104124.jpg,0,,,800,600
20250907_104126.jpg,0,,,800,600
20250907_104128.jpg,1,,,800,600
20250907_104143.jpg,1,,,800,600
20250907_104144.jpg,2,,,800,600
20250907_104148.jpg,0,,,800,600
20250907_104150.jpg,0,,,800,600
20250907_104152.jpg,0,,,800,600
20250907_104154.jpg,0,,,800,600
20250907_104156.jpg,1,,,800,600
20250907_104158.jpg,2,,,800,600
20250907_104216.jpg,1,,,800,600
20250907_104217.jpg,0,,,800,600
20250907_104220.jpg,0,,,800,600
20250907_104222.jpg,0,,,800,600
20250907_104239.jpg,0,,,800,600
20250907_104240.jpg,2,,,800,600
20250907_104243.jpg,0,,,800,600
20250907_104245.jpg,2,,,800,600
20250907_104249.jpg,2,,,800,600
20250907_104256.jpg,0,,,800,600
20250907_104258.jpg,2,,,800,600
20250907_104347.jpg,1,,,800,600
20250907_104349.jpg,2,,,800,600
20250907_104351.jpg,2,,,800,600
20250907_104354.jpg,0,,,800,600
20250907_104356.jpg,0,,,800,600
20250907_104413.jpg,0,,,800,600
20250907_104416.jpg,0,,,800,600
20250907_104419.jpg,0,,,800,600
20250907_104421.jpg,2,,,800,600
20250907_104424.jpg,2,,,800,600
20250907_104426.jpg,0,,,800,600
20250907_104442.jpg,1,,,800,600
20250907_104444.jpg,0,,,800,600
20250907_104447.jpg,2,,,800,600
20250907_104449.jpg,2,,,800,600
20250907_104451.jpg,2,,,800,600
20250907_104454.jpg,2,,,800,600
20250907_104456.jpg,2,,,800,600
20250907_104458.jpg,1,,,800,600
20250907_104501.jpg,1,,,800,600
20250907_104503.jpg,2,,,800,600
20250907_104505.jpg,2,,,800,600
20250907_104522.jpg,2,,,800,600
20250907_104524.jpg,2,,,800,600
20250907_104527.jpg,0,,,800,600
20250907_104528.jpg,0,,,800,600
20250907_104531.jpg,0,,,800,600
20250907_104533.jpg,2,,,800,600
20250907_104842.jpg,0,,,800,600
20250907_104844.jpg,0,,,800,600
20250907_104846.jpg,2,,,800,600
20250907_104848.jpg,2,,,800,600
20250907_104849.jpg,2,,,800,600
20250907_104851.jpg,0,,,800,600
20250907_104853.jpg,0,,,800,600
20250907_104855.jpg,0,,,800,600
20250907_104857.jpg,2,,,800,600
20250907_104859.jpg,2,,,800,600
20250907_104902.jpg,0,,,800,600
20250907_105042.jpg,2,,,800,600
20250907_105044.jpg,0,,,800,600
20250907_105046.jpg,0,,,800,600
20250907_105048.jpg,0,,,800,600
20250907_105050.jpg,0,,,800,600
20250907_105052.jpg,0,,,800,600
20250907_105122.jpg,0,,,800,600
20250907_105137.jpg,0,,,800,600
20250907_105139.jpg,1,,,800,600
20250907_105141.jpg,1,,,800,600
20250907_105202.jpg,2,,,800,600
20250907_105204.jpg,0,,,800,600
20250907_105207.jpg,0,,,800,600
20250907_105209.jpg,0,,,800,600
20250907_105211.jpg,0,,,800,600
20250907_105223.jpg,2,,,800,600
20250907_105225.jpg,0,,,800,600
20250907_105227.jpg,1,,,800,600
20250907_105229.jpg,2,,,800,600
20250907_105245.jpg,2,,,800,600
20250907_105247.jpg,0,,,800,600
20250907_105250.jpg,2,,,800,600
20250907_105252.jpg,2,,,800,600
20250907_105254.jpg,0,,,800,600
20250907_105257.jpg,2,,,800,600
20250907_105259.jpg,2,,,800,600
20250907_105302.jpg,0,,,800,600
20250907_105308.jpg,2,,,800,600
20250907_105344.jpg,1,,,800,600
20250907_105346.jpg,1,,,800,600
20250907_105348.jpg,2,,,800,600
20250907_105350.jpg,1,,,800,600
20250907_105352.jpg,1,,,800,600
20250907_105414.jpg,2,,,800,600
20250907_105416.jpg,0,,,800,600
20250907_105418.jpg,2,,,800,600
20250907_105420.jpg,2,,,800,600
20250907_105422.jpg,2,,,800,600
20250907_105423.jpg,0,,,800,600
20250907_105431.jpg,2,,,800,600
20250907_105433.jpg,1,,,800,600
20250907_105435.jpg,2,,,800,600
20250907_105437.jpg,1,,,800,600
20250907_105439.jpg,1,,,800,600
20250907_105441.jpg,2,,,800,600
20250907_105457.jpg,2,,,800,600
20250907_105459.jpg,0,,,800,600
20250907_105502.jpg,0,,,800,600
20250907_105504.jpg,2,,,800,600
20250907_105506.jpg,0,,,800,600
20250907_105508.jpg,0,,,800,600
20250907_105532.jpg,0,,,800,600
20250907_105535.jpg,0,,,800,600
20250907_105547.jpg,0,,,800,600
20250907_105549.jpg,1,,,800,600
20250907_105550.jpg,1,,,800,600
20250907_105552.jpg,2,,,800,600
20250907_105554.jpg,2,,,800,600
20250907_105556.jpg,2,,,800,600
20250907_105617.jpg,2,,,800,600
20250907_105619.jpg,2,,,800,600
20250907_105621.jpg,0,,,800,600
20250907_105624.jpg,2,,,800,600
20250907_105626.jpg,2,,,800,600
20250907_105628.jpg,0,,,800,600
20250907_105637.jpg,2,,,800,600
20250907_105639.jpg,1,,,800,600
20250907_105641.jpg,1,,,800,600
20250907_105701.jpg,1,,,800,600
20250907_105703.jpg,2,,,800,600
20250907_105708.jpg,0,,,800,600
20250907_105710.jpg,0,,,800,600
20250907_105712.jpg,0,,,800,600
20250907_105752.jpg,0,,,800,600
20250907_105754.jpg,1,,,800,600
20250907_105756.jpg,1,,,800,600
20250907_105758.jpg,1,,,800,600
20250907_105800.jpg,2,,,800,600
20250907_105802.jpg,1,,,800,600
20250907_105804.jpg,2,,,800,600
20250907_105807.jpg,1,,,800,600
20250907_105809.jpg,2,,,800,600
20250907_105812.jpg,2,,,800,600
20250907_105814.jpg,1,,,800,600
20250907_105816.jpg,2,,,800,600
20250907_111212.jpg,2,,,800,600
20250907_111214.jpg,1,,,800,600
20250907_111216.jpg,1,,,800,600
20250907_111255.jpg,1,,,800,600
20250907_111257.jpg,2,,,800,600
20250907_111300.jpg,2,,,800,600
20250907_111309.jpg,2,,,800,600
20250907_111312.jpg,2,,,800,600
20250907_111314.jpg,1,,,800,600
20250907_111316.jpg,0,,,800,600
20250907_111318.jpg,0,,,800,600
20250907_111320.jpg,0,,,800,600
20250907_111323.jpg,0,,,800,600
20250907_111328.jpg,2,,,800,600
20250907_111331.jpg,2,,,800,600
20250907_111334.jpg,0,,,800,600
20250907_111344.jpg,2,,,800,600
20250907_111346.jpg,2,,,800,600
20250907_111348.jpg,2,,,800,600
20250907_111352.jpg,0,,,800,600
20250907_111430.jpg,2,,,800,600
20250907_111433.jpg,0,,,800,600
20250907_111435.jpg,0,,,800,600
20250907_111507.jpg,2,,,800,600
20250907_111527.jpg,1,,,800,600
20250907_111529.jpg,0,,,800,600
20250907_111532.jpg,0,,,800,600
20250907_111601.jpg,2,,,800,600
20250907_111603.jpg,2,,,800,600
20250907_111728.jpg,1,,,800,600
20250907_111731.jpg,1,,,800,600
20250907_111733.jpg,1,,,800,600
20250907_111735.jpg,1,,,800,600
20250907_111738.jpg,2,,,800,600
20250907_112053.jpg,2,,,800,600
20250907_112055.jpg,0,,,800,600
20250907_112057.jpg,0,,,800,600
20250907_112059.jpg,0,,,800,600
20250907_112102.jpg,0,,,800,600
20250907_112157.jpg,2,,,800,600
20250907_112159.jpg,1,,,800,600
20250907_112202.jpg,2,,,800,600
20250907_112204.jpg,1,,,800,600
20250907_112210.jpg,2,,,800,600
20250907_112212.jpg,0,,,800,600
20250907_112215.jpg,2,,,800,600
20250907_112217.jpg,0,,,800,600
20250907_112219.jpg,0,,,800,600
20250907_112221.jpg,2,,,800,600
20250907_112224.jpg,0,,,800,600
20250907_112226.jpg,2,,,800,600
20250907_112228.jpg,0,,,800,600
20250907_112230.jpg,2,,,800,600
20250907_112233.jpg,2,,,800,600
20250907_112253.jpg,1,,,800,600
20250907_112255.jpg,0,,,800,600
20250907_112257.jpg,0,,,800,600
20250907_112300.jpg,0,,,800,600
20250907_112446.jpg,2,,,800,600
20250907_112448.jpg,2,,,800,600
20250907_112450.jpg,0,,,800,600
20250907_112546.jpg,0,,,800,600
20250907_112759.jpg,1,,,800,600
20250907_112801.jpg,0,,,800,600
20250907_112803.jpg,0,,,800,600
20250907_112806.jpg,0,,,800,600
20250907_112809.jpg,0,,,800,600
20250907_112820.jpg,0,,,800,600
20250907_112846.jpg,0,,,800,600
20250907_112848.jpg,2,,,800,600
